Date,TSLA,AAPL,AMZN,GOOGL,NFLX
2/24/2016,35.799999,24.025,554.039978,720.900024,91.610001
2/25/2016,37.486,24.190001,555.150024,729.119995,94.529999
2/26/2016,38.068001,24.227501,555.22998,724.859985,94.790001
2/29/2016,38.386002,24.172501,552.52002,717.219971,93.410004
3/1/2016,37.27,25.1325,579.039978,742.169983,98.300003
3/2/2016,37.667999,25.1875,580.210022,739.47998,97.610001
3/3/2016,39.147999,25.375,577.48999,731.590027,97.93
3/4/2016,40.208,25.752501,575.140015,730.219971,101.580002
3/7/2016,41.057999,25.467501,562.799988,712.799988,95.489998
3/8/2016,40.52,25.2575,560.26001,713.530029,96.230003
3/9/2016,41.743999,25.280001,559.469971,725.409973,98
3/10/2016,41.035999,25.2925,558.929993,732.169983,97.360001
3/11/2016,41.5,25.565001,569.609985,744.869995,97.660004
3/14/2016,43.029999,25.629999,573.369995,750.23999,98.129997
3/15/2016,43.667999,26.145,577.02002,750.570007,97.860001
3/16/2016,44.386002,26.4925,574.27002,757.359985,99.349998
3/17/2016,45.276001,26.450001,559.440002,758.47998,99.720001
3/18/2016,46.548,26.48,552.080017,755.409973,101.120003
3/21/2016,47.664001,26.477501,553.97998,762.159973,101.059998
3/22/2016,46.848,26.68,560.47998,760.049988,99.839996
3/23/2016,44.515999,26.532499,569.630005,757.559998,99.589996
3/24/2016,45.549999,26.4175,582.950012,754.840027,98.360001
3/28/2016,46.051998,26.297501,579.869995,753.280029,101.209999
3/29/2016,46.026001,26.92,593.859985,765.890015,104.129997
3/30/2016,45.377998,27.389999,598.690002,768.340027,102.190002
3/31/2016,45.953999,27.247499,593.640015,762.900024,102.230003
4/1/2016,47.518002,27.497499,598.5,769.669983,105.699997
4/4/2016,49.397999,27.780001,593.190002,765.119995,104.349998
4/5/2016,51.094002,27.452499,586.140015,758.570007,104.940002
4/6/2016,53.084,27.74,602.080017,768.070007,104.830002
4/7/2016,51.439999,27.135,591.429993,760.119995,104.449997
4/8/2016,50.014,27.165001,594.599976,759.469971,103.809998
4/11/2016,49.984001,27.254999,595.929993,757.539978,102.68
4/12/2016,49.563999,27.610001,603.169983,764.320007,106.980003
4/13/2016,50.905998,28.01,614.820007,771.909973,109.650002
4/14/2016,50.372002,28.025,620.75,775.390015,110.419998
4/15/2016,50.902,27.4625,625.890015,780,111.510002
4/18/2016,50.776001,26.870001,635.349976,787.679993,108.400002
4/19/2016,49.473999,26.727501,627.900024,776.25,94.339996
4/20/2016,49.993999,26.782499,632.98999,774.919983,96.769997
4/21/2016,49.658001,26.4925,631,780,94.980003
4/22/2016,50.75,26.42,620.5,737.77002,95.900002
4/25/2016,50.363998,26.27,626.200012,742.210022,93.559998
4/26/2016,50.748001,26.0875,616.880005,725.369995,92.43
4/27/2016,50.293999,24.455,606.570007,721.460022,91.040001
4/28/2016,49.542,23.7075,602,705.059998,90.279999
4/29/2016,48.152,23.434999,659.590027,707.880005,90.029999
5/2/2016,48.360001,23.41,683.849976,714.409973,93.110001
5/3/2016,46.464001,23.795,671.320007,708.440002,91.540001
5/4/2016,44.512001,23.547501,670.900024,711.369995,90.790001
5/5/2016,42.306,23.309999,659.090027,714.710022,89.370003
5/6/2016,42.986,23.18,673.950012,725.179993,90.839996
5/9/2016,41.784,23.1975,679.75,729.130005,90.540001
5/10/2016,41.737999,23.355,703.070007,739.380005,92.889999
5/11/2016,41.792,23.127501,713.22998,730.549988,90.019997
5/12/2016,41.456001,22.584999,717.929993,728.070007,87.739998
5/13/2016,41.521999,22.629999,709.919983,724.830017,87.879997
5/16/2016,41.658001,23.469999,710.659973,730.299988,89.120003
5/17/2016,40.931999,23.372499,695.27002,720.190002,88.629997
5/18/2016,42.234001,23.639999,697.450012,721.780029,90.5
5/19/2016,43.042,23.549999,698.52002,715.309998,89.550003
5/20/2016,44.056,23.805,702.799988,721.710022,92.489998
5/23/2016,43.243999,24.1075,696.75,717.25,94.889999
5/24/2016,43.582001,24.475,704.200012,733.030029,97.889999
5/25/2016,43.916,24.905001,708.349976,738.099976,100.199997
5/26/2016,45.023998,25.102501,714.909973,736.929993,102.809998
5/27/2016,44.608002,25.0875,712.23999,747.599976,103.300003
5/31/2016,44.646,24.965,722.789978,748.849976,102.57
6/1/2016,43.911999,24.615,719.440002,748.460022,101.510002
6/2/2016,43.792,24.43,728.23999,744.27002,101.25
6/3/2016,43.798,24.48,725.539978,735.859985,99.589996
6/6/2016,44.136002,24.657499,726.72998,730.059998,100.739998
6/7/2016,46.467999,24.7575,723.73999,731.090027,99.889999
6/8/2016,47.104,24.735001,726.640015,742.929993,97.860001
6/9/2016,45.872002,24.9125,727.650024,742.52002,97.089996
6/10/2016,43.757999,24.7075,717.909973,733.190002,93.75
6/13/2016,43.574001,24.334999,715.23999,731.880005,93.849998
6/14/2016,42.992001,24.365,719.299988,733.25,94.120003
6/15/2016,43.540001,24.285,714.26001,732.190002,94.290001
6/16/2016,43.585999,24.387501,717.51001,724.25,95.440002
6/17/2016,43.094002,23.8325,706.390015,704.25,94.449997
6/20/2016,43.939999,23.775,714.01001,706.130005,93.800003
6/21/2016,43.922001,23.977501,715.820007,708.880005,90.989998
6/22/2016,39.332001,23.887501,710.599976,710.469971,90.010002
6/23/2016,39.279999,24.025,722.080017,714.869995,91.660004
6/24/2016,38.630001,23.35,698.960022,685.200012,88.440002
6/27/2016,39.709999,23.01,691.359985,681.140015,85.330002
6/28/2016,40.358002,23.397499,707.950012,691.26001,87.970001
6/29/2016,42.037998,23.6,715.599976,695.190002,91.059998
6/30/2016,42.456001,23.9,715.619995,703.530029,91.480003
7/1/2016,43.299999,23.9725,725.679993,710.25,96.669998
7/5/2016,42.796001,23.747499,728.099976,704.890015,97.910004
7/6/2016,42.888,23.8825,737.609985,708.969971,94.599998
7/7/2016,43.188,23.985001,736.570007,707.26001,95.099998
7/8/2016,43.355999,24.17,745.809998,717.780029,97.059998
7/11/2016,44.956001,24.245001,753.780029,727.200012,94.669998
7/12/2016,44.93,24.355,748.210022,732.51001,95.970001
7/13/2016,44.506001,24.217501,742.630005,729.47998,96.43
7/14/2016,44.306,24.6975,741.200012,735.799988,98.019997
7/15/2016,44.080002,24.695,735.440002,735.630005,98.389999
7/18/2016,45.25,24.9575,736.070007,753.200012,98.809998
7/19/2016,45.051998,24.967501,739.950012,753.409973,85.839996
7/20/2016,45.672001,24.99,745.719971,757.080017,87.910004
7/21/2016,44.099998,24.8575,744.429993,754.409973,85.989998
7/22/2016,44.453999,24.665001,744.859985,759.280029,85.889999
7/25/2016,46.001999,24.334999,739.609985,757.52002,87.660004
7/26/2016,45.902,24.1675,735.590027,757.650024,91.410004
7/27/2016,45.698002,25.737499,736.669983,761.969971,92.040001
7/28/2016,46.122002,26.084999,752.609985,765.840027,91.650002
7/29/2016,46.958,26.0525,758.809998,791.340027,91.25
8/1/2016,46.001999,26.512501,767.73999,800.940002,94.370003
8/2/2016,45.439999,26.120001,760.580017,800.119995,93.559998
8/3/2016,45.158001,26.4475,754.640015,798.919983,93.099998
8/4/2016,46.122002,26.467501,760.77002,797.25,93.440002
8/5/2016,46.006001,26.870001,765.97998,806.929993,97.029999
8/8/2016,45.231998,27.092501,766.559998,805.22998,95.110001
8/9/2016,45.816002,27.202499,768.309998,807.47998,93.989998
8/10/2016,45.130001,27,768.559998,808.48999,93.93
8/11/2016,44.981998,26.9825,771.23999,808.200012,95.889999
8/12/2016,45.122002,27.045,772.559998,807.049988,96.589996
8/15/2016,45.118,27.370001,768.48999,805.960022,95.309998
8/16/2016,44.722,27.344999,764.039978,801.190002,95.120003
8/17/2016,44.647999,27.305,764.630005,805.419983,96.370003
8/18/2016,44.702,27.27,764.460022,802.75,96.160004
8/19/2016,45,27.34,757.309998,799.650024,95.870003
8/22/2016,44.585999,27.127501,759.47998,796.950012,95.260002
8/23/2016,44.967999,27.2125,762.450012,796.590027,95.940002
8/24/2016,44.523998,27.0075,757.25,793.599976,95.18
8/25/2016,44.192001,26.8925,759.219971,791.299988,97.32
8/26/2016,43.998001,26.735001,769,793.219971,97.580002
8/29/2016,43.040001,26.705,771.289978,795.820007,97.300003
8/30/2016,42.268002,26.5,767.580017,791.919983,97.449997
8/31/2016,42.402,26.525,769.159973,789.849976,97.449997
9/1/2016,40.153999,26.682501,770.619995,791.400024,97.379997
9/2/2016,39.556,26.932501,772.440002,796.869995,97.379997
9/6/2016,40.566002,26.924999,788.869995,808.02002,100.089996
9/7/2016,40.341999,27.09,784.47998,807.98999,99.150002
9/8/2016,39.472,26.379999,784.059998,802.840027,99.660004
9/9/2016,38.894001,25.782499,760.140015,788.47998,96.5
9/12/2016,39.66,26.360001,771.48999,798.820007,99.050003
9/13/2016,39.209999,26.987499,761.01001,788.719971,96.089996
9/14/2016,39.282001,27.942499,761.090027,790.460022,97.010002
9/15/2016,40.084,28.8925,769.690002,801.22998,97.339996
9/16/2016,41.080002,28.73,778.52002,797.969971,99.480003
9/19/2016,41.268002,28.395,775.099976,795.390015,98.059998
9/20/2016,40.928001,28.3925,780.219971,799.780029,98.25
9/21/2016,41.043999,28.387501,789.73999,805.030029,94.879997
9/22/2016,41.285999,28.655001,804.700012,815.950012,95.830002
9/23/2016,41.490002,28.1775,805.75,814.960022,95.940002
9/26/2016,41.798,28.219999,799.159973,802.650024,94.559998
9/27/2016,41.161999,28.272499,816.109985,810.72998,97.07
9/28/2016,41.254002,28.487499,828.719971,810.059998,97.480003
9/29/2016,40.139999,28.045,829.049988,802.640015,96.669998
9/30/2016,40.806,28.262501,837.309998,804.059998,98.550003
10/3/2016,42.740002,28.129999,836.73999,800.380005,102.629997
10/4/2016,42.282001,28.25,834.030029,802.789978,102.339996
10/5/2016,41.692001,28.262501,844.359985,801.22998,106.279999
10/6/2016,40.200001,28.4725,841.659973,803.080017,105.07
10/7/2016,39.321999,28.514999,839.429993,800.710022,104.82
10/10/2016,40.189999,29.012501,841.710022,814.169983,103.330002
10/11/2016,40.02,29.075001,831,809.570007,100.589996
10/12/2016,40.301998,29.334999,834.090027,811.77002,99.5
10/13/2016,40.048,29.245001,829.280029,804.080017,100.230003
10/14/2016,39.301998,29.407499,822.960022,804.599976,101.470001
10/17/2016,38.792,29.387501,812.950012,806.840027,99.800003
10/18/2016,39.82,29.3675,817.650024,821.48999,118.790001
10/19/2016,40.712002,29.280001,817.690002,826.840027,121.870003
10/20/2016,39.82,29.264999,810.320007,821.630005,123.349998
10/21/2016,40.018002,29.15,818.98999,824.059998,127.5
10/24/2016,40.551998,29.4125,838.090027,835.73999,127.330002
10/25/2016,40.467999,29.5625,835.179993,828.549988,126.510002
10/26/2016,40.448002,28.897499,822.590027,822.099976,126.970001
10/27/2016,40.801998,28.620001,818.359985,817.349976,126.470001
10/28/2016,39.993999,28.43,776.320007,819.559998,126.57
10/31/2016,39.546001,28.385,789.820007,809.900024,124.870003
11/1/2016,38.158001,27.872499,785.409973,805.47998,123.300003
11/2/2016,37.604,27.897499,765.559998,788.419983,122.339996
11/3/2016,37.484001,27.4575,767.030029,782.190002,122.139999
11/4/2016,38.112,27.209999,755.049988,781.099976,122.029999
11/7/2016,38.641998,27.602501,784.929993,802.030029,124.580002
11/8/2016,38.987999,27.764999,787.75,811.97998,124.339996
11/9/2016,38.012001,27.719999,771.880005,805.590027,122.190002
11/10/2016,37.07,26.9475,742.380005,780.289978,115.419998
11/11/2016,37.712002,27.1075,739.01001,771.75,114.779999
11/14/2016,36.290001,26.4275,719.070007,753.219971,113.379997
11/15/2016,36.754002,26.7775,743.23999,775.159973,113.589996
11/16/2016,36.785999,27.497499,746.48999,779.97998,115.190002
11/17/2016,37.731998,27.487499,756.400024,786.159973,115.029999
11/18/2016,37.004002,27.514999,760.159973,775.969971,115.209999
11/21/2016,36.903999,27.932501,780,784.799988,117.959999
11/22/2016,38.234001,27.950001,785.330017,785,118.040001
11/23/2016,38.627998,27.807501,780.119995,779,117.690002
11/25/2016,39.330002,27.9475,780.369995,780.22998,117.410004
11/28/2016,39.223999,27.8925,766.77002,785.789978,116.93
11/29/2016,37.914001,27.865,762.52002,789.440002,117.510002
11/30/2016,37.880001,27.629999,750.570007,775.880005,117
12/1/2016,36.375999,27.372499,743.650024,764.330017,117.220001
12/2/2016,36.293999,27.475,740.340027,764.460022,120.809998
12/5/2016,37.360001,27.2775,759.359985,778.219971,119.160004
12/6/2016,37.169998,27.487499,764.719971,776.179993,124.57
12/7/2016,38.630001,27.7575,770.419983,791.469971,125.389999
12/8/2016,38.458,28.030001,767.330017,795.169983,123.239998
12/9/2016,38.436001,28.487499,768.659973,809.450012,122.879997
12/12/2016,38.486,28.325001,760.119995,807.900024,122.830002
12/13/2016,39.630001,28.797501,774.340027,815.340027,123.779999
12/14/2016,39.737999,28.797501,768.820007,817.890015,123.440002
12/15/2016,39.515999,28.955,761,815.650024,125
12/16/2016,40.498001,28.9925,757.77002,809.840027,124.220001
12/19/2016,40.546001,29.16,766,812.5,125.449997
12/20/2016,41.757999,29.237499,771.219971,815.200012,125.120003
12/21/2016,41.540001,29.264999,770.599976,812.200012,126.5
12/22/2016,41.689999,29.0725,766.340027,809.679993,125.580002
12/23/2016,42.667999,29.129999,760.590027,807.799988,125.589996
12/27/2016,43.905998,29.315001,771.400024,809.929993,128.350006
12/28/2016,43.948002,29.190001,772.130005,804.570007,125.889999
12/29/2016,42.936001,29.182501,765.150024,802.880005,125.330002
12/30/2016,42.737999,28.955,749.869995,792.450012,123.800003
1/3/2017,43.397999,29.0375,753.669983,808.01001,127.489998
1/4/2017,45.397999,29.004999,757.179993,807.77002,129.410004
1/5/2017,45.349998,29.1525,780.450012,813.02002,131.809998
1/6/2017,45.801998,29.477501,795.98999,825.210022,131.070007
1/9/2017,46.256001,29.747499,796.919983,827.179993,130.949997
1/10/2017,45.973999,29.7775,795.900024,826.01001,129.889999
1/11/2017,45.945999,29.9375,799.02002,829.859985,130.5
1/12/2017,45.917999,29.8125,813.640015,829.530029,129.179993
1/13/2017,47.549999,29.76,817.140015,830.940002,133.699997
1/17/2017,47.116001,30,809.719971,827.460022,132.889999
1/18/2017,47.672001,29.997499,807.47998,829.02002,133.259995
1/19/2017,48.751999,29.945,809.039978,824.369995,138.410004
1/20/2017,48.945999,30,808.330017,828.169983,138.600006
1/23/2017,49.784,30.02,817.880005,844.429993,137.389999
1/24/2017,50.922001,29.9925,822.440002,849.530029,140.110001
1/25/2017,50.894001,30.469999,836.52002,858.450012,139.520004
1/26/2017,50.501999,30.485001,839.150024,856.97998,138.960007
1/27/2017,50.59,30.487499,835.77002,845.030029,142.449997
1/30/2017,50.125999,30.407499,830.380005,823.830017,141.220001
1/31/2017,50.386002,30.3375,823.47998,820.190002,140.710007
2/1/2017,49.848,32.1875,832.349976,815.23999,140.779999
2/2/2017,50.310001,32.1325,839.950012,818.26001,139.199997
2/3/2017,50.265999,32.27,810.200012,820.130005,140.25
2/6/2017,51.554001,32.572498,807.640015,821.619995,140.970001
2/7/2017,51.495998,32.8825,812.5,829.22998,144
2/8/2017,52.416,33.009998,819.710022,829.880005,144.740005
2/9/2017,53.84,33.105,821.359985,830.059998,144.139999
2/10/2017,53.846001,33.029999,827.460022,834.849976,144.820007
2/13/2017,56.119999,33.322498,836.530029,838.960022,143.199997
2/14/2017,56.195999,33.755001,836.390015,840.030029,140.820007
2/15/2017,55.952,33.877499,842.700012,837.320007,142.270004
2/16/2017,53.790001,33.837502,844.140015,842.169983,142.009995
2/17/2017,54.445999,33.93,845.070007,846.549988,142.220001
2/21/2017,55.478001,34.174999,856.440002,849.27002,142.600006
2/22/2017,54.702,34.2775,855.609985,851.359985,143.860001
2/23/2017,51.198002,34.1325,852.190002,851,142.779999
2/24/2017,51.400002,34.165001,845.23999,847.809998,143.25
2/27/2017,49.245998,34.232498,848.640015,849.669983,143.410004
2/28/2017,49.998001,34.247501,845.039978,844.929993,142.130005
3/1/2017,50.004002,34.947498,853.080017,856.75,142.649994
3/2/2017,50.096001,34.740002,848.909973,849.849976,139.529999
3/3/2017,50.313999,34.945,849.880005,849.080017,139.139999
3/6/2017,50.242001,34.834999,846.609985,847.27002,141.940002
3/7/2017,49.717999,34.880001,846.02002,851.150024,141.429993
3/8/2017,49.374001,34.75,850.5,853.640015,140.320007
3/9/2017,48.98,34.669998,853,857.840027,140.529999
3/10/2017,48.737999,34.785,852.460022,861.409973,140.889999
3/13/2017,49.234001,34.799999,854.590027,864.580017,143.520004
3/14/2017,51.599998,34.747501,852.530029,865.909973,143.190002
3/15/2017,51.146,35.115002,852.969971,868.390015,145.25
3/16/2017,52.41,35.172501,853.419983,870,144.389999
3/17/2017,52.299999,34.997501,852.309998,872.369995,145.110001
3/20/2017,52.383999,35.365002,856.969971,867.909973,145.830002
3/21/2017,50.136002,34.959999,843.200012,850.140015,142.419998
3/22/2017,51.001999,35.355,848.059998,849.799988,142.649994
3/23/2017,50.956001,35.23,847.380005,839.650024,141.839996
3/24/2017,52.632,35.16,845.609985,835.140015,142.020004
3/27/2017,54.043999,35.220001,846.820007,838.51001,144.059998
3/28/2017,55.490002,35.950001,856,840.630005,145.169998
3/29/2017,55.476002,36.029999,874.320007,849.869995,146.470001
3/30/2017,55.584,35.982498,876.340027,849.47998,148.059998
3/31/2017,55.66,35.915001,886.539978,847.799988,147.809998
4/3/2017,59.703999,35.924999,891.51001,856.75,146.919998
4/4/2017,60.740002,36.192501,906.830017,852.570007,145.5
4/5/2017,59,36.005001,909.280029,848.909973,143.619995
4/6/2017,59.740002,35.915001,898.280029,845.099976,143.740005
4/7/2017,60.507999,35.834999,894.880005,842.099976,143.110001
4/10/2017,62.478001,35.7925,907.039978,841.700012,143.850006
4/11/2017,61.742001,35.407501,902.359985,839.880005,144.350006
4/12/2017,59.368,35.450001,896.22998,841.460022,143.830002
4/13/2017,60.799999,35.262501,884.669983,840.179993,142.919998
4/17/2017,60.287998,35.4575,901.98999,855.130005,147.25
4/18/2017,60.049999,35.299999,903.780029,853.98999,143.360001
4/19/2017,61.104,35.169998,899.200012,856.51001,139.759995
4/20/2017,60.501999,35.610001,902.059998,860.080017,141.179993
4/21/2017,61.119999,35.567501,898.530029,858.950012,142.869995
4/24/2017,61.605999,35.91,907.409973,878.929993,143.830002
4/25/2017,62.757999,36.1325,907.619995,888.840027,152.160004
4/26/2017,62.034,35.919998,909.289978,889.140015,150.169998
4/27/2017,61.726002,35.947498,918.380005,891.440002,153.080002
4/28/2017,62.813999,35.912498,924.98999,924.52002,152.199997
5/1/2017,64.566002,36.645,948.22998,932.820007,155.350006
5/2/2017,63.778,36.877499,946.940002,937.090027,156.449997
5/3/2017,62.203999,36.764999,941.030029,948.450012,155.589996
5/4/2017,59.091999,36.6325,937.530029,954.719971,157.25
5/5/2017,61.669998,37.240002,934.150024,950.280029,156.600006
5/8/2017,61.438,38.252499,949.039978,958.690002,156.380005
5/9/2017,64.251999,38.497501,952.820007,956.710022,157.460007
5/10/2017,65.043999,38.314999,948.950012,954.840027,160.279999
5/11/2017,64.620003,38.487499,947.619995,955.890015,158.539993
5/12/2017,64.961998,39.025002,961.349976,955.140015,160.809998
5/15/2017,63.175999,38.924999,957.969971,959.219971,160.020004
5/16/2017,63.402,38.8675,966.070007,964.609985,159.410004
5/17/2017,61.222,37.5625,944.76001,942.169983,153.199997
5/18/2017,62.612,38.134998,958.48999,950.5,155.699997
5/19/2017,62.166,38.264999,959.840027,954.650024,157.020004
5/22/2017,62.07,38.497501,970.669983,964.070007,157.160004
5/23/2017,60.771999,38.450001,971.539978,970.549988,157.949997
5/24/2017,62.043999,38.334999,980.349976,977.609985,157.75
5/25/2017,63.366001,38.467499,993.380005,991.859985,163.050003
5/26/2017,65.028,38.4025,995.780029,993.27002,162.429993
5/30/2017,67.019997,38.4175,996.700012,996.169983,163.220001
5/31/2017,68.202003,38.189999,994.619995,987.090027,163.070007
6/1/2017,68.073997,38.294998,995.950012,988.289978,162.990005
6/2/2017,67.970001,38.862499,1006.72998,996.119995,165.179993
6/5/2017,69.463997,38.482498,1011.340027,1003.880005,165.059998
6/6/2017,70.57,38.612499,1003,996.679993,165.169998
6/7/2017,71.93,38.842499,1010.070007,1001.5,165.610001
6/8/2017,74,38.747501,1010.27002,1004.280029,165.880005
6/9/2017,71.463997,37.244999,978.309998,970.119995,158.029999
6/12/2017,71.802002,36.355,964.909973,961.809998,151.440002
6/13/2017,75.190002,36.647499,980.789978,970.5,152.720001
6/14/2017,76.132004,36.290001,976.469971,967.929993,152.199997
6/15/2017,75.068001,36.072498,964.169983,960.179993,151.759995
6/16/2017,74.279999,35.567501,987.710022,958.619995,152.380005
6/19/2017,73.959999,36.584999,995.169983,975.219971,153.399994
6/20/2017,74.447998,36.252499,992.590027,968.98999,152.050003
6/21/2017,75.279999,36.467499,1002.22998,978.590027,155.029999
6/22/2017,76.522003,36.407501,1001.299988,976.619995,154.889999
6/23/2017,76.690002,36.57,1003.73999,986.090027,158.020004
6/26/2017,75.498001,36.455002,993.97998,972.090027,157.5
6/27/2017,72.473999,35.932499,976.780029,948.090027,151.029999
6/28/2017,74.248001,36.4575,990.330017,961.01001,153.410004
6/29/2017,72.150002,35.919998,975.929993,937.820007,150.089996
6/30/2017,72.321999,36.005001,968,929.679993,149.410004
7/3/2017,70.524002,35.875,953.659973,919.460022,146.169998
7/5/2017,65.417999,36.022499,971.400024,932.26001,147.610001
7/6/2017,61.765999,35.682499,965.140015,927.690002,146.25
7/7/2017,62.644001,36.044998,978.76001,940.809998,150.179993
7/10/2017,63.209999,36.264999,996.469971,951,152.669998
7/11/2017,65.444,36.3825,994.130005,953.530029,154.330002
7/12/2017,65.903999,36.435001,1006.51001,967.659973,158.75
7/13/2017,64.681999,36.942501,1000.630005,968.849976,158.210007
7/14/2017,65.556,37.259998,1001.809998,976.909973,161.119995
7/17/2017,63.914001,37.389999,1010.039978,975.960022,161.699997
7/18/2017,65.648003,37.52,1024.449951,986.950012,183.600006
7/19/2017,65.052002,37.755001,1026.869995,992.77002,183.860001
7/20/2017,65.984001,37.584999,1028.699951,992.190002,183.600006
7/21/2017,65.68,37.567501,1025.670044,993.840027,188.539993
7/24/2017,68.503998,38.022499,1038.949951,998.309998,187.910004
7/25/2017,67.919998,38.185001,1039.869995,969.030029,186.970001
7/26/2017,68.769997,38.365002,1052.800049,965.309998,189.080002
7/27/2017,66.891998,37.639999,1046,952.51001,182.679993
7/28/2017,67.014,37.375,1020.039978,958.330017,184.039993
7/31/2017,64.694,37.182499,987.780029,945.5,181.660004
8/1/2017,63.914001,37.512501,996.190002,946.559998,182.029999
8/2/2017,65.178001,39.285,995.890015,947.640015,180.740005
8/3/2017,69.417999,38.892502,986.919983,940.299988,179.229996
8/4/2017,71.382004,39.0975,987.580017,945.789978,180.270004
8/7/2017,71.033997,39.702499,992.27002,945.75,181.330002
8/8/2017,73.043999,40.02,989.840027,944.190002,178.360001
8/9/2017,72.706001,40.264999,982.01001,940.080017,175.779999
8/10/2017,71.080002,38.830002,956.919983,923.590027,169.139999
8/11/2017,71.573997,39.369999,967.98999,930.090027,171.399994
8/14/2017,72.760002,39.962502,983.299988,938.929993,171
8/15/2017,72.466003,40.400002,982.73999,938.080017,168.5
8/16/2017,72.582001,40.237499,978.179993,944.27002,169.979996
8/17/2017,70.384003,39.465,960.570007,927.659973,166.089996
8/18/2017,69.491997,39.375,958.469971,926.179993,166.539993
8/21/2017,67.571999,39.302502,953.289978,920.869995,166.759995
8/22/2017,68.269997,39.945,966.900024,940.400024,169.339996
8/23/2017,70.554001,39.994999,958,942.580017,169.059998
8/24/2017,70.585999,39.817501,952.450012,936.890015,168.130005
8/25/2017,69.610001,39.965,945.26001,930.5,165.949997
8/28/2017,69.132004,40.3675,946.02002,928.130005,167.119995
8/29/2017,69.472,40.727501,954.059998,935.75,168.809998
8/30/2017,70.636002,40.837502,967.590027,943.630005,174.690002
8/31/2017,71.18,41,980.599976,955.23999,174.710007
9/1/2017,71.080002,41.012501,978.25,951.98999,174.740005
9/5/2017,69.917999,40.52,965.27002,941.47998,174.520004
9/6/2017,68.905998,40.477501,967.799988,942.02002,179.25
9/7/2017,70.122002,40.314999,979.469971,949.890015,179
9/8/2017,68.68,39.657501,965.900024,941.409973,176.419998
9/11/2017,72.737999,40.375,977.960022,943.289978,181.740005
9/12/2017,72.550003,40.215,982.580017,946.650024,185.149994
9/13/2017,73.246002,39.912498,999.599976,950.440002,183.639999
9/14/2017,75.528,39.57,992.210022,940.130005,182.630005
9/15/2017,75.961998,39.970001,986.789978,935.289978,182.350006
9/18/2017,77,39.6675,974.190002,929.75,184.619995
9/19/2017,75.019997,39.682499,969.859985,936.859985,185.679993
9/20/2017,74.781998,39.017502,973.210022,947.539978,185.509995
9/21/2017,73.295998,38.3475,964.650024,947.549988,188.779999
9/22/2017,70.218002,37.9725,955.099976,943.26001,187.350006
9/25/2017,68.998001,37.637501,939.789978,934.280029,178.550003
9/26/2017,69.050003,38.285,938.599976,937.429993,179.380005
9/27/2017,68.194,38.557499,950.869995,959.900024,181.970001
9/28/2017,67.919998,38.32,956.400024,964.809998,180.699997
9/29/2017,68.220001,38.529999,961.349976,973.719971,181.350006
10/2/2017,68.306,38.452499,959.190002,967.469971,177.009995
10/3/2017,69.627998,38.619999,957.099976,972.080017,179.190002
10/4/2017,71.001999,38.369999,965.450012,966.780029,184.449997
10/5/2017,71.066002,38.8475,980.849976,985.190002,194.389999
10/6/2017,71.375999,38.825001,989.580017,993.640015,198.020004
10/9/2017,68.587997,38.959999,990.98999,992.309998,196.869995
10/10/2017,71.117996,38.974998,987.200012,987.799988,195.080002
10/11/2017,70.919998,39.137501,995,1005.650024,194.949997
10/12/2017,71.136002,39,1000.929993,1005.650024,195.860001
10/13/2017,71.113998,39.247501,1002.940002,1007.869995,199.490005
10/16/2017,70.120003,39.970001,1006.340027,1009.349976,202.679993
10/17/2017,71.150002,40.1175,1009.130005,1011,199.479996
10/18/2017,71.93,39.939999,997,1012.73999,195.539993
10/19/2017,70.362,38.994999,986.609985,1001.840027,195.130005
10/20/2017,69.019997,39.0625,982.909973,1005.070007,194.160004
10/23/2017,67.403999,39.0425,966.299988,985.539978,192.470001
10/24/2017,67.468002,39.275002,975.900024,988.48999,196.020004
10/25/2017,65.167999,39.102501,972.909973,991.460022,193.770004
10/26/2017,65.234001,39.352501,972.429993,991.419983,195.210007
10/27/2017,64.174004,40.762501,1100.949951,1033.670044,199.539993
10/30/2017,64.015999,41.68,1110.849976,1033.130005,198.369995
10/31/2017,66.306,42.259998,1105.280029,1033.040039,196.429993
11/1/2017,64.216003,41.7225,1103.680054,1042.599976,198
11/2/2017,59.852001,42.0275,1094.219971,1042.969971,199.320007
11/3/2017,61.217999,43.125,1111.599976,1049.98999,200.009995
11/6/2017,60.556,43.5625,1120.660034,1042.680054,200.130005
11/7/2017,61.209999,43.702499,1123.170044,1052.390015,195.889999
11/8/2017,60.877998,44.060001,1132.880005,1058.290039,196.440002
11/9/2017,60.598,43.970001,1129.130005,1047.719971,193.899994
11/10/2017,60.598,43.6675,1125.349976,1044.150024,192.020004
11/13/2017,63.080002,43.4925,1129.170044,1041.199951,195.080002
11/14/2017,61.740002,42.834999,1136.839966,1041.640015,195.710007
11/15/2017,62.259998,42.27,1126.689941,1036.410034,192.119995
11/16/2017,62.5,42.775002,1137.290039,1048.469971,195.509995
11/17/2017,63.009998,42.537498,1129.880005,1035.890015,193.199997
11/20/2017,61.748001,42.494999,1126.310059,1034.660034,194.100006
11/21/2017,63.562,43.285,1139.48999,1050.300049,196.229996
11/22/2017,62.52,43.740002,1156.160034,1051.920044,196.320007
11/24/2017,63.110001,43.7425,1186,1056.52002,195.75
11/27/2017,63.362,43.522499,1195.829956,1072.01001,195.050003
11/28/2017,63.509998,43.267502,1193.599976,1063.290039,199.179993
11/29/2017,61.507999,42.369999,1161.27002,1037.380005,188.149994
11/30/2017,61.77,42.962502,1176.75,1036.170044,187.580002
12/1/2017,61.306,42.762501,1162.349976,1025.069946,186.820007
12/4/2017,61.040001,42.450001,1133.949951,1011.869995,184.039993
12/5/2017,60.740002,42.41,1141.569946,1019.599976,184.210007
12/6/2017,62.652,42.252499,1152.349976,1032.719971,185.300003
12/7/2017,62.248001,42.330002,1159.790039,1044.569946,185.199997
12/8/2017,63.026001,42.342499,1162,1049.380005,188.539993
12/11/2017,65.781998,43.1675,1168.920044,1051.969971,186.220001
12/12/2017,68.206001,42.924999,1165.079956,1048.77002,185.729996
12/13/2017,67.806,43.067501,1164.130005,1051.390015,187.860001
12/14/2017,67.578003,43.055,1174.26001,1057.469971,189.559998
12/15/2017,68.690002,43.4925,1179.140015,1072,190.119995
12/18/2017,67.774002,44.105,1190.579956,1085.089966,190.419998
12/19/2017,66.220001,43.634998,1187.380005,1079.780029,187.020004
12/20/2017,65.795998,43.587502,1177.619995,1073.560059,188.820007
12/21/2017,66.332001,43.752499,1174.76001,1070.849976,188.619995
12/22/2017,65.040001,43.752499,1168.359985,1068.859985,189.940002
12/26/2017,63.458,42.642502,1176.76001,1065.849976,187.759995
12/27/2017,62.327999,42.650002,1182.26001,1060.199951,186.240005
12/28/2017,63.071999,42.77,1186.099976,1055.949951,192.710007
12/29/2017,62.27,42.307499,1169.469971,1053.400024,191.960007
1/2/2018,64.106003,43.064999,1189.01001,1073.209961,201.070007
1/3/2018,63.450001,43.057499,1204.199951,1091.52002,205.050003
1/4/2018,62.924,43.2575,1209.589966,1095.76001,205.630005
1/5/2018,63.316002,43.75,1229.140015,1110.290039,209.990005
1/8/2018,67.281998,43.587502,1246.869995,1114.209961,212.050003
1/9/2018,66.737999,43.5825,1252.699951,1112.790039,209.309998
1/10/2018,66.959999,43.572498,1254.329956,1110.140015,212.520004
1/11/2018,67.589996,43.82,1276.680054,1112.050049,217.240005
1/12/2018,67.244003,44.272499,1305.199951,1130.650024,221.229996
1/16/2018,68.012001,44.047501,1304.859985,1130.699951,221.529999
1/17/2018,69.431999,44.775002,1295,1139.099976,217.5
1/18/2018,68.914001,44.814999,1293.319946,1135.969971,220.330002
1/19/2018,70.003998,44.615002,1294.579956,1143.5,220.460007
1/22/2018,70.311996,44.25,1327.310059,1164.160034,227.580002
1/23/2018,70.557999,44.259998,1362.540039,1176.170044,250.289993
1/24/2018,69.178001,43.555,1357.51001,1171.290039,261.299988
1/25/2018,67.528,42.7775,1377.949951,1182.140015,269.700012
1/26/2018,68.57,42.877499,1402.050049,1187.560059,274.600006
1/29/2018,69.905998,41.990002,1417.680054,1186.47998,284.589996
1/30/2018,69.164001,41.7425,1437.819946,1177.369995,278.799988
1/31/2018,70.862,41.857498,1450.890015,1182.219971,270.299988
2/1/2018,69.849998,41.945,1390,1181.589966,265.070007
2/2/2018,68.75,40.125,1429.949951,1119.199951,267.429993
2/5/2018,66.625999,39.122501,1390,1062.390015,254.259995
2/6/2018,66.793999,40.7575,1442.839966,1084.430054,265.720001
2/7/2018,69,39.884998,1416.780029,1055.410034,264.559998
2/8/2018,63.046001,38.787498,1350.5,1007.710022,250.100006
2/9/2018,62.084,39.102501,1339.599976,1046.27002,249.470001
2/12/2018,63.146,40.677502,1386.22998,1054.560059,257.950012
2/13/2018,64.732002,41.084999,1414.51001,1054.140015,258.269989
2/14/2018,64.461998,41.842499,1451.050049,1072.699951,266
2/15/2018,66.814003,43.247501,1461.76001,1091.359985,280.269989
2/16/2018,67.098,43.107498,1448.689941,1095.5,278.519989
2/20/2018,66.954002,42.962502,1468.349976,1103.589966,278.549988
2/21/2018,66.660004,42.767502,1482.920044,1113.75,281.040009
2/22/2018,69.234001,43.125,1485.339966,1109.900024,278.140015
2/23/2018,70.410004,43.875,1500,1128.089966,285.929993
2/26/2018,71.484001,44.7425,1521.949951,1143.699951,294.160004
2/27/2018,70.197998,44.5975,1511.97998,1117.51001,290.609985
2/28/2018,68.612,44.529999,1512.449951,1103.920044,291.380005
3/1/2018,66.185997,43.75,1493.449951,1071.410034,290.390015
3/2/2018,67.024002,44.052502,1500.25,1084.140015,301.049988
3/5/2018,66.669998,44.205002,1523.609985,1094.76001,315
3/6/2018,65.639999,44.1675,1537.640015,1100.900024,325.220001
3/7/2018,66.459999,43.7575,1545,1115.040039,321.160004
3/8/2018,65.82,44.235001,1551.859985,1129.380005,317
3/9/2018,65.433998,44.994999,1578.890015,1160.839966,331.440002
3/12/2018,69.101997,45.43,1598.390015,1165.930054,321.299988
3/13/2018,68.367996,44.9925,1588.180054,1139.910034,315.880005
3/14/2018,65.325996,44.610001,1591,1148.890015,321.549988
3/15/2018,65.120003,44.662498,1582.319946,1150.609985,321.089996
3/16/2018,64.269997,44.505001,1571.680054,1134.420044,318.450012
3/19/2018,62.712002,43.825001,1544.930054,1100.069946,313.480011
3/20/2018,62.110001,43.810001,1586.51001,1095.800049,317.5
3/21/2018,63.306,42.817501,1581.859985,1094,316.480011
3/22/2018,61.82,42.212502,1544.920044,1053.150024,306.700012
3/23/2018,60.307999,41.235001,1495.560059,1026.550049,300.940002
3/26/2018,60.835999,43.192501,1555.859985,1054.089966,320.350006
3/27/2018,55.835999,42.084999,1497.050049,1006.940002,300.690002
3/28/2018,51.556,41.619999,1431.420044,1005.179993,285.769989
3/29/2018,53.226002,41.945,1447.339966,1037.140015,295.350006
4/2/2018,50.495998,41.669998,1371.98999,1012.630005,280.290009
4/3/2018,53.506001,42.0975,1392.050049,1018.679993,283.670013
4/4/2018,57.388,42.9025,1410.569946,1029.709961,288.940002
4/5/2018,61.144001,43.200001,1451.75,1032.640015,293.970001
4/6/2018,59.860001,42.095001,1405.22998,1009.950012,288.850006
4/9/2018,57.931999,42.512501,1406.079956,1020.090027,289.929993
4/10/2018,60.939999,43.3125,1436.219971,1036.5,298.070007
4/11/2018,60.186001,43.110001,1427.050049,1025.060059,303.670013
4/12/2018,58.816002,43.535,1448.5,1037.290039,309.25
4/13/2018,60.068001,43.682499,1430.790039,1036.040039,311.649994
4/16/2018,58.242001,43.955002,1441.5,1046.099976,307.779999
4/17/2018,57.537998,44.560001,1503.829956,1079.359985,336.059998
4/18/2018,58.669998,44.459999,1527.839966,1075.390015,334.519989
4/19/2018,60.015999,43.200001,1556.910034,1089.449951,332.700012
4/20/2018,58.048,41.43,1527.48999,1077.319946,327.769989
4/23/2018,56.674,41.310001,1517.859985,1073.810059,318.690002
4/24/2018,56.692001,40.735001,1460.089966,1022.640015,307.019989
4/25/2018,56.138,40.912498,1460.170044,1022.98999,305.76001
4/26/2018,57.096001,41.055,1517.959961,1043.310059,313.980011
4/27/2018,58.816002,40.580002,1572.619995,1031.449951,311.76001
4/30/2018,58.779999,41.314999,1566.130005,1018.580017,312.459991
5/1/2018,59.984001,42.275002,1582.26001,1040.75,313.299988
5/2/2018,60.23,44.142502,1569.680054,1026.050049,313.359985
5/3/2018,56.889999,44.2225,1572.079956,1026.300049,311.690002
5/4/2018,58.818001,45.9575,1580.949951,1051,320.089996
5/7/2018,60.554001,46.290001,1600.140015,1059.459961,326.26001
5/8/2018,60.394001,46.512501,1592.390015,1058.589966,326.890015
5/9/2018,61.369999,46.84,1608,1088.949951,330.299988
5/10/2018,61.004002,47.509998,1609.079956,1105.469971,329.600006
5/11/2018,60.212002,47.147499,1602.910034,1103.380005,326.459991
5/14/2018,58.394001,47.037498,1601.540039,1106.599976,328.529999
5/15/2018,56.835999,46.610001,1576.119995,1084.869995,326.130005
5/16/2018,57.296001,47.044998,1587.280029,1084.089966,328.190002
5/17/2018,56.908001,46.747501,1581.76001,1081.26001,325.220001
5/18/2018,55.363998,46.577499,1574.369995,1069.640015,324.179993
5/21/2018,56.897999,46.907501,1585.459961,1084.01001,331.820007
5/22/2018,55.001999,46.790001,1581.400024,1075.310059,331.619995
5/23/2018,55.813999,47.09,1601.859985,1085.959961,344.720001
5/24/2018,55.57,47.037498,1603.069946,1085.449951,349.290009
5/25/2018,55.77,47.145,1610.150024,1084.079956,351.290009
5/29/2018,56.751999,46.974998,1612.869995,1068.069946,349.730011
5/30/2018,58.344002,46.875,1624.890015,1077.469971,353.540009
5/31/2018,56.945999,46.717499,1629.619995,1100,351.600006
6/1/2018,58.363998,47.560001,1641.540039,1135,359.929993
6/4/2018,59.348,47.9575,1665.27002,1153.040039,361.809998
6/5/2018,58.226002,48.327499,1696.349976,1151.02002,365.799988
6/6/2018,63.900002,48.494999,1695.75,1146.949951,367.450012
6/7/2018,63.217999,48.365002,1689.300049,1134.420044,361.399994
6/8/2018,63.532001,47.924999,1683.98999,1132.709961,360.570007
6/11/2018,66.419998,47.807499,1689.119995,1140.900024,361.450012
6/12/2018,68.554001,48.07,1698.75,1148.189941,363.829987
6/13/2018,68.956001,47.674999,1704.859985,1144.22998,379.929993
6/14/2018,71.543999,47.700001,1723.859985,1160.109985,392.869995
6/15/2018,71.634003,47.209999,1715.969971,1159.27002,391.980011
6/18/2018,74.166,47.185001,1723.790039,1183.579956,390.399994
6/19/2018,70.510002,46.422501,1734.780029,1178.689941,404.980011
6/20/2018,72.444,46.625,1750.079956,1184.069946,416.76001
6/21/2018,69.501999,46.365002,1730.219971,1169.439941,415.440002
6/22/2018,66.725998,46.23,1715.670044,1169.290039,411.089996
6/25/2018,66.601997,45.5425,1663.150024,1139.280029,384.480011
6/26/2018,68.400002,46.107498,1691.089966,1132.619995,399.390015
6/27/2018,68.900002,46.040001,1660.51001,1116.939941,390.390015
6/28/2018,69.986,46.375,1701.449951,1126.780029,395.420013
6/29/2018,68.589996,46.2775,1699.800049,1129.189941,391.429993
7/2/2018,67.014,46.794998,1713.780029,1142.109985,398.179993
7/3/2018,62.172001,45.98,1693.959961,1116.280029,390.519989
7/5/2018,61.832001,46.349998,1699.72998,1141.290039,398.390015
7/6/2018,61.779999,46.9925,1710.630005,1155.079956,408.25
7/9/2018,63.702,47.645,1739.02002,1167.280029,418.970001
7/10/2018,64.494003,47.587502,1743.069946,1167.140015,415.630005
7/11/2018,63.792,46.970001,1755,1171.459961,418.649994
7/12/2018,63.341999,47.7575,1796.619995,1201.26001,413.5
7/13/2018,63.773998,47.8325,1813.030029,1204.420044,395.799988
7/16/2018,62.02,47.727501,1822.48999,1196.51001,400.480011
7/17/2018,64.538002,47.862499,1843.930054,1213.079956,379.480011
7/18/2018,64.769997,47.599998,1842.920044,1212.910034,375.130005
7/19/2018,64.045998,47.970001,1812.969971,1199.099976,364.230011
7/20/2018,62.716,47.860001,1813.699951,1197.880005,361.049988
7/23/2018,60.639999,47.9025,1802,1211,362.660004
7/24/2018,59.486,48.25,1829.23999,1258.150024,357.320007
7/25/2018,61.748001,48.705002,1863.609985,1275.939941,362.869995
7/26/2018,61.330002,48.552502,1808,1285.5,363.089996
7/27/2018,59.436001,47.744999,1817.27002,1252.890015,355.209991
7/30/2018,58.034,47.477501,1779.219971,1230.040039,334.959991
7/31/2018,59.627998,47.572498,1777.439941,1227.219971,337.450012
8/1/2018,60.167999,50.375,1797.170044,1232.98999,338.380005
8/2/2018,69.907997,51.8475,1834.329956,1241.130005,344.5
8/3/2018,69.634003,51.997501,1823.290039,1238.160034,343.089996
8/6/2018,68.398003,52.267502,1847.75,1237.670044,350.920013
8/7/2018,75.914001,51.7775,1862.47998,1255.839966,351.829987
8/8/2018,74.068001,51.8125,1886.52002,1261.329956,347.609985
8/9/2018,70.489998,52.220001,1898.52002,1264.459961,349.359985
8/10/2018,71.098,51.8825,1886.300049,1252.51001,345.869995
8/13/2018,71.281998,52.217499,1896.199951,1248.640015,341.309998
8/14/2018,69.528,52.4375,1919.650024,1258.140015,337.48999
8/15/2018,67.737999,52.560001,1882.619995,1232.219971,326.399994
8/16/2018,67.089996,53.330002,1886.52002,1224.060059,322.440002
8/17/2018,61.099998,54.395,1882.219971,1215.849976,316.779999
8/20/2018,61.688,53.865002,1876.709961,1221.949951,327.730011
8/21/2018,64.379997,53.759998,1883.420044,1217.410034,338.019989
8/22/2018,64.328003,53.762501,1904.900024,1221.75,344.440002
8/23/2018,64.019997,53.872501,1902.900024,1221.160034,339.170013
8/24/2018,64.564003,54.040001,1905.390015,1236.75,358.820007
8/27/2018,63.854,54.485001,1927.680054,1256.27002,364.579987
8/28/2018,62.372002,54.924999,1932.819946,1245.859985,368.48999
8/29/2018,61.001999,55.744999,1998.099976,1264.650024,368.040009
8/30/2018,60.630001,56.2575,2002.380005,1254.439941,370.980011
8/31/2018,60.332001,56.907501,2012.709961,1231.800049,367.679993
9/4/2018,57.790001,57.09,2039.51001,1211.310059,363.600006
9/5/2018,56.147999,56.717499,1994.819946,1199.099976,341.179993
9/6/2018,56.189999,55.775002,1958.310059,1183.98999,346.459991
9/7/2018,52.647999,55.325001,1952.069946,1177.589966,348.679993
9/10/2018,57.099998,54.5825,1939.01001,1175.060059,348.410004
9/11/2018,55.888,55.962502,1987.150024,1189.98999,355.929993
9/12/2018,58.108002,55.267502,1990,1171.599976,369.950012
9/13/2018,57.891998,56.602501,1989.869995,1182.140015,368.149994
9/14/2018,59.040001,55.959999,1970.189941,1177.97998,364.559998
9/17/2018,58.967999,54.470001,1908.030029,1159.829956,350.350006
9/18/2018,56.992001,54.560001,1941.050049,1167.109985,367.649994
9/19/2018,59.804001,54.592499,1926.420044,1174.27002,366.959991
9/20/2018,59.666,55.0075,1944.300049,1191.569946,365.359985
9/21/2018,59.82,54.415001,1915.01001,1172.119995,361.190002
9/24/2018,59.936001,55.197498,1934.359985,1179.560059,369.609985
9/25/2018,60.198002,55.547501,1974.550049,1193.890015,369.429993
9/26/2018,61.916,55.105,1974.849976,1194.060059,377.880005
9/27/2018,61.504002,56.237499,2012.97998,1207.359985,380.709991
9/28/2018,52.953999,56.435001,2003,1207.079956,374.130005
10/1/2018,62.139999,56.814999,2004.359985,1208.530029,381.429993
10/2/2018,60.203999,57.32,1971.310059,1207.640015,377.140015
10/3/2018,58.959999,58.017502,1952.76001,1211.530029,377.049988
10/4/2018,56.366001,56.997501,1909.420044,1177.069946,363.649994
10/5/2018,52.389999,56.072498,1889.650024,1167.829956,351.350006
10/8/2018,50.112,55.942501,1864.420044,1155.920044,349.100006
10/9/2018,52.560001,56.717499,1870.319946,1145.170044,355.709991
10/10/2018,51.375999,54.09,1755.25,1092.160034,325.890015
10/11/2018,50.445999,53.612499,1719.359985,1090.73999,321.100006
10/12/2018,51.756001,55.5275,1788.609985,1120.540039,339.559998
10/15/2018,51.917999,54.34,1760.949951,1102.439941,333.130005
10/16/2018,55.318001,55.537498,1819.959961,1133.079956,346.399994
10/17/2018,54.355999,55.297501,1831.72998,1127.589966,364.700012
10/18/2018,52.782001,54.005001,1770.719971,1097.910034,346.709991
10/19/2018,52,54.827499,1764.030029,1105.180054,332.670013
10/22/2018,52.189999,55.162498,1789.300049,1111.369995,329.540009
10/23/2018,58.827999,55.682499,1768.699951,1114.910034,333.160004
10/24/2018,57.700001,53.772499,1664.199951,1057.119995,301.829987
10/25/2018,62.972,54.950001,1782.170044,1103.589966,312.869995
10/26/2018,66.18,54.075001,1642.810059,1083.75,299.829987
10/29/2018,66.970001,53.060001,1538.880005,1034.72998,284.839996
10/30/2018,65.980003,53.325001,1530.420044,1049.51001,285.809998
10/31/2018,67.463997,54.715,1598.01001,1090.579956,301.779999
11/1/2018,68.856003,55.555,1665.530029,1085.97998,317.380005
11/2/2018,69.281998,51.869999,1665.530029,1071.48999,309.100006
11/5/2018,68.279999,50.397499,1627.800049,1055.72998,315.440002
11/6/2018,68.211998,50.942501,1642.810059,1069.569946,310.839996
11/7/2018,69.632004,52.487499,1755.48999,1108.23999,327.5
11/8/2018,70.279999,52.122501,1754.910034,1094.630005,317.920013
11/9/2018,70.101997,51.1175,1712.430054,1077.02002,303.470001
11/12/2018,66.255997,48.5425,1636.849976,1049.359985,294.070007
11/13/2018,67.746002,48.057499,1631.170044,1047.969971,294.399994
11/14/2018,68.800003,46.700001,1599.01001,1054.579956,286.730011
11/15/2018,69.688004,47.852501,1619.439941,1071.050049,290.059998
11/16/2018,70.862,48.3825,1593.410034,1068.27002,286.209991
11/19/2018,70.694,46.465,1512.290039,1027.420044,270.600006
11/20/2018,69.498001,44.244999,1495.459961,1030.449951,266.980011
11/21/2018,67.638,44.195,1516.72998,1043.430054,262.130005
11/23/2018,65.166,43.072498,1502.060059,1030.099976,258.820007
11/26/2018,69.199997,43.654999,1581.329956,1055.939941,261.429993
11/27/2018,68.783997,43.560001,1581.420044,1052.280029,266.630005
11/28/2018,69.573997,45.235001,1677.75,1091.790039,282.649994
11/29/2018,68.234001,44.887501,1673.569946,1094.579956,288.75
11/30/2018,70.096001,44.645,1690.170044,1109.650024,286.130005
12/3/2018,71.697998,46.205002,1772.359985,1116.359985,290.299988
12/4/2018,71.940002,44.172501,1668.400024,1062.469971,275.329987
12/6/2018,72.612,43.68,1699.189941,1078.079956,282.880005
12/7/2018,71.594002,42.122501,1629.130005,1046.579956,265.140015
12/10/2018,73.029999,42.400002,1641.030029,1053.180054,269.700012
12/11/2018,73.351997,42.157501,1643.23999,1061.650024,265.320007
12/12/2018,73.32,42.275002,1663.540039,1073.72998,274.880005
12/13/2018,75.358002,42.737499,1658.380005,1073.540039,276.019989
12/14/2018,73.141998,41.369999,1591.910034,1051.709961,266.839996
12/17/2018,69.683998,40.985001,1520.910034,1025.650024,262.799988
12/18/2018,67.405998,41.517502,1551.47998,1043.410034,270.940002
12/19/2018,66.594002,40.2225,1495.079956,1035.459961,266.769989
12/20/2018,63.076,39.2075,1460.829956,1023.580017,260.579987
12/21/2018,63.953999,37.682499,1377.449951,991.25,246.389999
12/24/2018,59.077999,36.7075,1343.959961,984.669983,233.880005
12/26/2018,65.218002,39.2925,1470.900024,1047.849976,253.669998
12/27/2018,63.226002,39.037498,1461.640015,1052.900024,255.570007
12/28/2018,66.774002,39.057499,1478.02002,1046.680054,256.079987
12/31/2018,66.559998,39.435001,1501.969971,1044.959961,267.660004
1/2/2019,62.023998,39.48,1539.130005,1054.680054,267.660004
1/3/2019,60.071999,35.547501,1500.280029,1025.469971,271.200012
1/4/2019,63.537998,37.064999,1575.390015,1078.069946,297.570007
1/7/2019,66.991997,36.982498,1629.51001,1075.920044,315.339996
1/8/2019,67.07,37.6875,1656.579956,1085.369995,320.269989
1/9/2019,67.706001,38.327499,1659.420044,1081.650024,319.959991
1/10/2019,68.994003,38.450001,1656.219971,1078.829956,324.660004
1/11/2019,69.452003,38.072498,1640.560059,1064.469971,337.589996
1/14/2019,66.879997,37.5,1617.209961,1051.51001,332.940002
1/15/2019,68.886002,38.267502,1674.560059,1086.51001,354.640015
1/16/2019,69.209999,38.735001,1683.780029,1089.51001,351.390015
1/17/2019,69.461998,38.965,1693.219971,1099.119995,353.190002
1/18/2019,60.452,39.205002,1696.199951,1107.300049,339.100006
1/22/2019,59.784,38.325001,1632.170044,1078.630005,325.160004
1/23/2019,57.518002,38.48,1640.02002,1084.410034,321.98999
1/24/2019,58.301998,38.174999,1654.930054,1084,326.670013
1/25/2019,59.408001,39.439999,1670.569946,1101.51001,338.049988
1/28/2019,59.276001,39.075001,1637.890015,1079.859985,335.660004
1/29/2019,59.492001,38.669998,1593.880005,1070.060059,328.899994
1/30/2019,61.754002,41.3125,1670.430054,1097.98999,340.660004
1/31/2019,61.403999,41.610001,1718.72998,1125.890015,339.5
2/1/2019,62.442001,41.630001,1626.22998,1118.619995,339.850006
2/4/2019,62.577999,42.8125,1633.310059,1141.420044,351.339996
2/5/2019,64.269997,43.544998,1658.810059,1151.869995,355.809998
2/6/2019,63.444,43.560001,1640.26001,1122.890015,352.190002
2/7/2019,61.501999,42.735001,1614.369995,1105.910034,344.709991
2/8/2019,61.16,42.602501,1588.219971,1102.380005,347.570007
2/11/2019,62.568001,42.357498,1591,1102.119995,345.730011
2/12/2019,62.362,42.7225,1638.01001,1127.579956,359.970001
2/13/2019,61.633999,42.544998,1640,1128.630005,351.769989
2/14/2019,60.754002,42.700001,1622.650024,1129.199951,359.070007
2/15/2019,61.576,42.605,1607.949951,1119.630005,356.869995
2/19/2019,61.127998,42.732498,1627.579956,1126.51001,361.920013
2/20/2019,60.512001,43.0075,1622.099976,1120.589966,359.910004
2/21/2019,58.245998,42.764999,1619.439941,1104.209961,356.970001
2/22/2019,58.942001,43.2425,1631.560059,1116.560059,363.019989
2/25/2019,59.754002,43.557499,1633,1117.329956,363.910004
2/26/2019,59.571999,43.5825,1636.400024,1122.01001,364.970001
2/27/2019,62.948002,43.717499,1641.089966,1122.890015,362.869995
2/28/2019,63.976002,43.287498,1639.829956,1126.550049,358.100006
3/1/2019,58.958,43.7425,1671.72998,1148.52002,357.320007
3/4/2019,57.071999,43.962502,1696.170044,1153.420044,351.040009
3/5/2019,55.307999,43.8825,1692.430054,1169.189941,354.299988
3/6/2019,55.248001,43.630001,1668.949951,1164.939941,359.609985
3/7/2019,55.318001,43.125,1625.949951,1150.849976,352.600006
3/8/2019,56.827999,43.227501,1620.800049,1149.969971,349.600006
3/11/2019,58.183998,44.724998,1670.619995,1179.26001,358.859985
3/12/2019,56.672001,45.227501,1673.099976,1197.25,356.269989
3/13/2019,57.792,45.427502,1690.810059,1199.060059,361.209991
3/14/2019,57.992001,45.932499,1686.219971,1192.530029,358.820007
3/15/2019,55.085999,46.529999,1712.359985,1190.300049,361.459991
3/18/2019,53.897999,47.005001,1742.150024,1188.550049,363.440002
3/19/2019,53.493999,46.6325,1761.849976,1202.459961,358.779999
3/20/2019,54.720001,47.040001,1797.27002,1226.430054,375.220001
3/21/2019,54.804001,48.772499,1819.26001,1236.130005,377.869995
3/22/2019,52.905998,47.762501,1764.77002,1207.650024,361.01001
3/25/2019,52.084,47.185001,1774.26001,1197.380005,366.230011
3/26/2019,53.554001,46.697498,1783.76001,1189.839966,359.970001
3/27/2019,54.966,47.1175,1765.699951,1178.01001,353.369995
3/28/2019,55.723999,47.18,1773.420044,1172.27002,354.609985
3/29/2019,55.972,47.487499,1780.75,1176.890015,356.559998
4/1/2019,57.835999,47.810001,1814.189941,1198.97998,366.959991
4/2/2019,57.175999,48.505001,1813.97998,1205.540039,367.720001
4/3/2019,58.362,48.837502,1820.699951,1210.810059,369.75
4/4/2019,53.556,48.922501,1818.859985,1219.449951,367.880005
4/5/2019,54.992001,49.25,1837.280029,1211.449951,365.48999
4/8/2019,54.639999,50.025002,1849.859985,1208.280029,361.410004
4/9/2019,54.462002,49.875,1835.839966,1202.689941,364.709991
4/10/2019,55.212002,50.154999,1847.329956,1206.449951,363.920013
4/11/2019,53.683998,49.737499,1844.069946,1209.589966,367.649994
4/12/2019,53.540001,49.717499,1843.060059,1222.72998,351.140015
4/15/2019,53.276001,49.807499,1844.869995,1226.530029,348.869995
4/16/2019,54.672001,49.8125,1863.040039,1231.910034,359.459991
4/17/2019,54.245998,50.782501,1864.819946,1240.140015,354.73999
4/18/2019,54.652,50.965,1861.689941,1241.469971,360.350006
4/22/2019,52.549999,51.1325,1887.310059,1253.76001,377.339996
4/23/2019,52.779999,51.869999,1923.77002,1270.589966,381.890015
4/24/2019,51.731998,51.790001,1901.75,1260.050049,374.230011
4/25/2019,49.526001,51.32,1902.25,1267.339966,368.329987
4/26/2019,47.028,51.075001,1950.630005,1277.420044,374.850006
4/29/2019,48.293999,51.1525,1938.430054,1296.199951,371.829987
4/30/2019,47.737999,50.1675,1926.52002,1198.959961,370.540009
5/1/2019,46.801998,52.630001,1911.52002,1173.319946,378.809998
5/2/2019,48.82,52.287498,1900.819946,1166.51001,379.059998
5/3/2019,51.006001,52.9375,1962.459961,1189.550049,385.029999
5/6/2019,51.068001,52.119999,1950.550049,1193.459961,378.670013
5/7/2019,49.411999,50.715,1921,1178.859985,370.459991
5/8/2019,48.967999,50.724998,1917.77002,1170.780029,364.369995
5/9/2019,48.396,50.18,1899.869995,1167.969971,362.75
5/10/2019,47.903999,49.294998,1889.97998,1167.640015,361.040009
5/13/2019,45.402,46.43,1822.680054,1136.589966,345.26001
5/14/2019,46.462002,47.165001,1840.119995,1124.859985,345.609985
5/15/2019,46.389999,47.73,1871.150024,1170.800049,354.98999
5/16/2019,45.666,47.52,1907.569946,1184.5,359.309998
5/17/2019,42.206001,47.25,1869,1168.780029,354.450012
5/20/2019,41.071999,45.772499,1858.969971,1144.660034,348.109985
5/21/2019,41.015999,46.650002,1857.52002,1154.439941,354.269989
5/22/2019,38.546001,45.695,1859.680054,1155.849976,359.730011
5/23/2019,39.098,44.915001,1815.47998,1145.339966,352.209991
5/24/2019,38.125999,44.7425,1823.280029,1138.609985,354.390015
5/28/2019,37.740002,44.557499,1836.430054,1139.560059,355.059998
5/29/2019,37.972,44.345001,1819.189941,1119.939941,349.190002
5/30/2019,37.644001,44.575001,1816.319946,1121.410034,351.850006
5/31/2019,37.032001,43.767502,1775.069946,1106.5,343.279999
6/3/2019,35.793999,43.325001,1692.689941,1038.73999,336.630005
6/4/2019,38.720001,44.91,1729.560059,1054.48999,353.399994
6/5/2019,39.318001,45.634998,1738.5,1044.640015,355.730011
6/6/2019,41.189999,46.305,1754.359985,1047.76001,357.130005
6/7/2019,40.900002,47.537498,1804.030029,1068.369995,360.869995
6/10/2019,42.576,48.145,1860.630005,1082.76001,352.01001
6/11/2019,43.419998,48.702499,1863.699951,1081.040039,351.269989
6/12/2019,41.852001,48.547501,1855.319946,1079.099976,345.559998
6/13/2019,42.782001,48.537498,1870.300049,1091.01001,343.429993
6/14/2019,42.984001,48.185001,1869.670044,1086.300049,339.730011
6/17/2019,45.006001,48.4725,1886.030029,1093.890015,350.619995
6/18/2019,44.948002,49.612499,1901.369995,1105.23999,357.119995
6/19/2019,45.285999,49.467499,1908.790039,1104.51001,363.519989
6/20/2019,43.924,49.865002,1918.189941,1113.199951,365.209991
6/21/2019,44.372002,49.695,1911.300049,1125.369995,369.209991
6/24/2019,44.728001,49.645,1913.900024,1116.699951,371.040009
6/25/2019,43.952,48.892502,1878.27002,1087.579956,360.299988
6/26/2019,43.854,49.950001,1897.829956,1080.319946,362.200012
6/27/2019,44.568001,49.935001,1904.280029,1076.630005,370.019989
6/28/2019,44.692001,49.48,1893.630005,1082.800049,367.320007
7/1/2019,45.433998,50.387501,1922.189941,1100,374.600006
7/2/2019,44.91,50.682499,1934.310059,1112.599976,375.429993
7/3/2019,46.98,51.102501,1939,1122.98999,381.720001
7/5/2019,46.619999,51.057499,1942.910034,1132.670044,380.549988
7/8/2019,46.068001,50.005001,1952.319946,1116.790039,376.160004
7/9/2019,46.012001,50.310001,1988.300049,1124.290039,379.929993
7/10/2019,47.784,50.807499,2017.410034,1140.910034,381
7/11/2019,47.720001,50.4375,2001.069946,1144.079956,379.5
7/12/2019,49.015999,50.825001,2011,1145.339966,373.25
7/15/2019,50.700001,51.302502,2020.98999,1150.51001,366.600006
7/16/2019,50.476002,51.125,2009.900024,1153.459961,365.98999
7/17/2019,50.972,50.837502,1992.030029,1146.73999,362.440002
7/18/2019,50.708,51.415001,1977.900024,1147.23999,325.209991
7/19/2019,51.636002,50.647499,1964.52002,1131.550049,315.100006
7/22/2019,51.136002,51.805,1985.630005,1139.209961,310.619995
7/23/2019,52.034,52.209999,1994.48999,1148.050049,307.299988
7/24/2019,52.976002,52.1675,2000.810059,1139.72998,317.940002
7/25/2019,45.764,51.755001,1973.819946,1135.939941,326.459991
7/26/2019,45.608002,51.935001,1943.050049,1245.219971,335.779999
7/29/2019,47.153999,52.419998,1912.449951,1241.839966,332.700012
7/30/2019,48.452,52.195,1898.530029,1228,325.929993
7/31/2019,48.321999,53.259998,1866.780029,1218.199951,322.98999
8/1/2019,46.77,52.107498,1855.319946,1211.780029,319.5
8/2/2019,46.868,51.005001,1823.23999,1196.319946,318.829987
8/5/2019,45.664001,48.334999,1765.130005,1154.75,307.630005
8/6/2019,46.150002,49.25,1787.829956,1171.079956,310.100006
8/7/2019,46.683998,49.759998,1793.400024,1175.910034,304.290009
8/8/2019,47.66,50.857498,1832.890015,1206.189941,315.899994
8/9/2019,47.001999,50.247501,1807.579956,1188.900024,308.929993
8/12/2019,45.801998,50.119999,1784.920044,1174.5,310.829987
8/13/2019,47,52.2425,1824.339966,1196.72998,312.279999
8/14/2019,43.924,50.6875,1762.959961,1164.25,299.109985
8/15/2019,43.127998,50.435001,1776.119995,1169.319946,295.76001
8/16/2019,43.987999,51.625,1792.569946,1179.209961,302.799988
8/19/2019,45.366001,52.587502,1816.119995,1200.439941,309.380005
8/20/2019,45.172001,52.59,1801.380005,1183.530029,298.98999
8/21/2019,44.166,53.16,1823.540039,1191.579956,297.809998
8/22/2019,44.43,53.115002,1804.660034,1191.52002,296.929993
8/23/2019,42.279999,50.66,1749.619995,1153.579956,291.440002
8/26/2019,43,51.622501,1768.869995,1171.180054,294.980011
8/27/2019,42.816002,51.040001,1761.829956,1170.819946,291.029999
8/28/2019,43.118,51.3825,1764.25,1173.75,291.769989
8/29/2019,44.341999,52.252499,1786.400024,1194.23999,296.779999
8/30/2019,45.122002,52.185001,1776.290039,1190.530029,293.75
9/3/2019,45.001999,51.424999,1789.839966,1169.550049,289.290009
9/4/2019,44.136002,52.297501,1800.619995,1182.27002,291.519989
9/5/2019,45.916,53.32,1840.719971,1212.189941,293.25
9/6/2019,45.490002,53.314999,1833.51001,1206.319946,290.170013
9/9/2019,46.358002,53.5425,1831.349976,1205.27002,294.339996
9/10/2019,47.108002,54.174999,1820.550049,1205.699951,287.98999
9/11/2019,49.419998,55.897499,1822.98999,1220,288.269989
9/12/2019,49.174,55.772499,1843.550049,1234.969971,288.859985
9/13/2019,49.040001,54.6875,1839.339966,1240.030029,294.149994
9/16/2019,48.562,54.974998,1807.839966,1231.630005,294.290009
9/17/2019,48.958,55.174999,1822.550049,1229.880005,298.600006
9/18/2019,48.698002,55.692501,1817.459961,1232.650024,291.559998
9/19/2019,49.32,55.240002,1821.5,1238.75,286.600006
9/20/2019,48.124001,54.432499,1794.160034,1229.839966,270.75
9/23/2019,48.245998,54.68,1785.300049,1234.689941,265.920013
9/24/2019,44.641998,54.419998,1741.609985,1218.329956,254.589996
9/25/2019,45.740002,55.2575,1768.329956,1245.939941,264.75
9/26/2019,48.512001,54.9725,1739.839966,1242.290039,263.309998
9/27/2019,48.425999,54.705002,1725.449951,1225.949951,263.079987
9/30/2019,48.174,55.9925,1735.910034,1221.140015,267.619995
10/1/2019,48.938,56.147499,1735.650024,1206,269.579987
10/2/2019,48.625999,54.740002,1713.22998,1177.920044,268.029999
10/3/2019,46.605999,55.205002,1724.420044,1189.430054,268.149994
10/4/2019,46.285999,56.752499,1739.650024,1210.959961,272.790009
10/7/2019,47.543999,56.764999,1732.660034,1208.25,274.459991
10/8/2019,48.009998,56.099998,1705.51001,1190.130005,270.720001
10/9/2019,48.905998,56.7575,1721.98999,1202.400024,267.529999
10/10/2019,48.948002,57.522499,1720.26001,1209.469971,280.480011
10/11/2019,49.577999,59.052502,1731.920044,1215.709961,282.929993
10/14/2019,51.391998,58.967499,1736.430054,1217.77002,285.529999
10/15/2019,51.577999,58.830002,1767.380005,1242.23999,284.25
10/16/2019,51.950001,58.592499,1777.430054,1243,286.279999
10/17/2019,52.394001,58.82,1787.47998,1252.800049,293.350006
10/18/2019,51.389999,59.102501,1757.51001,1244.410034,275.299988
10/21/2019,50.700001,60.127499,1785.660034,1244.280029,278.049988
10/22/2019,51.116001,59.990002,1765.72998,1241.199951,266.690002
10/23/2019,50.936001,60.794998,1762.170044,1257.630005,271.269989
10/24/2019,59.936001,60.895,1780.780029,1259.109985,271.5
10/25/2019,65.625999,61.645,1761.329956,1264.300049,276.820007
10/28/2019,65.542,62.262501,1777.079956,1288.97998,281.859985
10/29/2019,63.243999,60.822498,1762.709961,1260.660034,281.209991
10/30/2019,63.001999,60.814999,1779.98999,1260.699951,291.450012
10/31/2019,62.984001,62.189999,1776.660034,1258.800049,287.410004
11/1/2019,62.661999,63.955002,1791.439941,1272.25,286.809998
11/4/2019,63.493999,64.375,1804.660034,1289.609985,292.859985
11/5/2019,63.444,64.282501,1801.709961,1291.439941,288.029999
11/6/2019,65.316002,64.309998,1795.77002,1291.01001,288.589996
11/7/2019,67.108002,64.857498,1788.199951,1306.939941,289.570007
11/8/2019,67.428001,65.035004,1785.880005,1309,291.570007
11/11/2019,69.017998,65.550003,1771.650024,1298.280029,294.179993
11/12/2019,69.986,65.489998,1778,1297.209961,292.01001
11/13/2019,69.222,66.1175,1753.109985,1296.180054,283.109985
11/14/2019,69.870003,65.660004,1754.599976,1309.150024,289.619995
11/15/2019,70.433998,66.440002,1739.48999,1333.540039,295.029999
11/18/2019,69.998001,66.775002,1752.530029,1319.839966,302.570007
11/19/2019,71.903999,66.572502,1752.790039,1312.589966,302.600006
11/20/2019,70.444,65.797501,1745.530029,1301.859985,305.160004
11/21/2019,70.966003,65.502502,1734.709961,1300.140015,311.690002
11/22/2019,66.608002,65.445,1745.719971,1293.670044,310.480011
11/25/2019,67.267998,66.592499,1773.839966,1305.640015,315.549988
11/26/2019,65.783997,66.072502,1796.939941,1313,312.48999
11/27/2019,66.258003,66.959999,1818.51001,1312.130005,315.929993
11/29/2019,65.987999,66.8125,1800.800049,1304.089966,314.660004
12/2/2019,66.973999,66.040001,1781.599976,1288.859985,309.98999
12/3/2019,67.239998,64.862503,1769.959961,1294.73999,306.160004
12/4/2019,66.606003,65.434998,1760.689941,1318.939941,304.320007
12/5/2019,66.073997,66.394997,1740.47998,1326.959961,302.859985
12/6/2019,67.178001,67.677498,1751.599976,1339.390015,307.350006
12/9/2019,67.905998,66.730003,1749.51001,1342.98999,302.5
12/10/2019,69.767998,67.120003,1739.209961,1342.890015,293.119995
12/11/2019,70.540001,67.692497,1748.719971,1344.25,298.929993
12/12/2019,71.935997,67.864998,1760.329956,1348.48999,298.440002
12/13/2019,71.678001,68.787498,1760.939941,1346.869995,298.5
12/16/2019,76.300003,69.964996,1769.209961,1360.699951,304.209991
12/17/2019,75.797997,70.102501,1790.660034,1354.890015,315.480011
12/18/2019,78.629997,69.934998,1784.030029,1351.910034,320.799988
12/19/2019,80.807999,70.004997,1792.280029,1356.439941,332.220001
12/20/2019,81.117996,69.860001,1786.5,1351.219971,336.899994
12/23/2019,83.844002,71,1793,1350.630005,333.100006
12/24/2019,85.050003,71.067497,1789.209961,1344.430054,333.200012
12/26/2019,86.188004,72.477501,1868.77002,1362.469971,332.630005
12/27/2019,86.075996,72.449997,1869.800049,1354.640015,329.089996
12/30/2019,82.940002,72.879997,1846.890015,1339.709961,323.309998
12/31/2019,83.666,73.412498,1847.839966,1339.390015,323.570007
1/2/2020,86.052002,75.087502,1898.01001,1368.680054,329.809998
1/3/2020,88.601997,74.357498,1874.969971,1361.52002,325.899994
1/6/2020,90.307999,74.949997,1902.880005,1397.810059,335.829987
1/7/2020,93.811996,74.597504,1906.859985,1395.109985,330.75
1/8/2020,98.428001,75.797501,1891.969971,1405.040039,339.26001
1/9/2020,96.267998,77.407501,1901.050049,1419.790039,335.660004
1/10/2020,95.629997,77.582497,1883.160034,1428.959961,329.049988
1/13/2020,104.972,79.239998,1891.300049,1440.030029,338.920013
1/14/2020,107.584,78.169998,1869.439941,1430.589966,338.690002
1/15/2020,103.699997,77.834999,1862.02002,1439.199951,339.070007
1/16/2020,102.697998,78.809998,1877.939941,1450.160034,338.619995
1/17/2020,102.099998,79.682503,1864.719971,1479.52002,339.670013
1/21/2020,109.440002,79.142502,1892,1482.25,338.109985
1/22/2020,113.912003,79.425003,1887.459961,1483.869995,326
1/23/2020,114.440002,79.807503,1884.579956,1484.689941,349.600006
1/24/2020,112.963997,79.577499,1861.640015,1466.170044,353.160004
1/27/2020,111.603996,77.237503,1828.339966,1431.72998,342.880005
1/28/2020,113.379997,79.422501,1853.25,1450.5,348.519989
1/29/2020,116.197998,81.084999,1858,1456.699951,343.160004
1/30/2020,128.162003,80.967499,1870.680054,1454.25,347.73999
1/31/2020,130.113998,77.377502,2008.719971,1432.780029,345.089996
2/3/2020,156,77.165001,2004.199951,1482.599976,358
2/4/2020,177.412003,79.712502,2049.669922,1445.410034,369.01001
2/5/2020,146.940002,80.362503,2039.869995,1446.050049,369.670013
2/6/2020,149.792007,81.302498,2050.22998,1475.969971,366.950012
2/7/2020,149.613998,80.0075,2079.280029,1479.109985,366.769989
2/10/2020,154.255997,80.387497,2133.909912,1508.660034,371.070007
2/11/2020,154.876007,79.902496,2150.800049,1510.060059,373.690002
2/12/2020,153.457993,81.800003,2160,1518.630005,380.01001
2/13/2020,160.800003,81.217499,2149.870117,1513.390015,381.399994
2/14/2020,160.005997,81.237503,2134.870117,1518.72998,380.399994
2/18/2020,171.679993,79.75,2155.669922,1519.439941,387.779999
2/19/2020,183.483994,80.904999,2170.219971,1524.869995,386.190002
2/20/2020,179.882004,80.074997,2153.100098,1516.98999,386
2/21/2020,180.199997,78.262497,2095.969971,1483.459961,380.070007
2/24/2020,166.757996,74.544998,2009.290039,1419.859985,368.700012
2/25/2020,159.981995,72.019997,1972.73999,1386.319946,360.089996
2/26/2020,155.759995,73.162498,1979.589966,1390.469971,379.23999
2/27/2020,135.800003,68.379997,1884.300049,1314.949951,371.709991
2/28/2020,133.598007,68.339996,1883.75,1339.25,369.029999
3/2/2020,148.723999,74.702499,1953.949951,1386.319946,381.049988
3/3/2020,149.102005,72.330002,1908.98999,1337.719971,368.769989
3/4/2020,149.899994,75.684998,1975.829956,1381.599976,383.790009
3/5/2020,144.908005,73.230003,1924.030029,1314.76001,372.779999
3/6/2020,140.695999,72.2575,1901.089966,1295.73999,368.970001
3/9/2020,121.599998,66.542503,1800.609985,1215.790039,346.48999
3/10/2020,129.065994,71.334999,1891.819946,1275.170044,364.130005
3/11/2020,126.846001,68.857498,1820.859985,1210.900024,349.920013
3/12/2020,112.110001,62.057499,1676.609985,1111.550049,315.25
3/13/2020,109.323997,69.4925,1785,1214.27002,336.299988
3/16/2020,89.014,60.552502,1689.150024,1073,298.839996
3/17/2020,86.040001,63.215,1807.839966,1118.060059,319.75
3/18/2020,72.244003,61.6675,1830,1091.189941,315.470001
3/19/2020,85.528,61.195,1880.930054,1111.670044,332.029999
3/20/2020,85.505997,57.310001,1846.089966,1068.209961,332.829987
3/23/2020,86.858002,56.092499,1902.829956,1054.130005,360.269989
3/24/2020,101,61.720001,1940.099976,1130.01001,357.320007
3/25/2020,107.849998,61.380001,1885.839966,1101.619995,342.390015
3/26/2020,105.632004,64.610001,1955.48999,1162.920044,362.98999
3/27/2020,102.872002,61.935001,1900.099976,1110.26001,357.119995
3/30/2020,100.426003,63.702499,1963.949951,1146.310059,370.959991
3/31/2020,104.800003,63.572498,1949.719971,1161.949951,375.5
4/1/2020,96.311996,60.227501,1907.699951,1102.099976,364.079987
4/2/2020,90.893997,61.232498,1918.829956,1117.030029,370.079987
4/3/2020,96.001999,60.352501,1906.589966,1092.699951,361.76001
4/6/2020,103.248001,65.6175,1997.589966,1183.189941,379.959991
4/7/2020,109.089996,64.857498,2011.599976,1182.560059,372.279999
4/8/2020,109.767998,66.517502,2043,1207,371.119995
4/9/2020,114.599998,66.997498,2042.76001,1206.569946,370.720001
4/13/2020,130.190002,68.3125,2168.870117,1210.410034,396.720001
4/14/2020,141.977997,71.762497,2283.320068,1265.22998,413.549988
4/15/2020,145.966003,71.107498,2307.679932,1257.300049,426.75
4/16/2020,149.042007,71.672501,2408.189941,1257.430054,439.170013
4/17/2020,150.778,70.699997,2375,1279,422.959991
4/20/2020,149.272003,69.232498,2393.610107,1261.150024,437.48999
4/21/2020,137.343994,67.092499,2328.120117,1212.160034,433.829987
4/22/2020,146.421997,69.025002,2363.48999,1258.410034,421.420013
4/23/2020,141.126007,68.7575,2399.449951,1271.170044,426.700012
4/24/2020,145.029999,70.7425,2410.219971,1276.599976,424.98999
4/27/2020,159.75,70.792503,2376,1270.859985,421.380005
4/28/2020,153.824005,69.644997,2314.080078,1232.589966,403.829987
4/29/2020,160.102005,71.932503,2372.709961,1342.180054,411.890015
4/30/2020,156.376007,73.449997,2474,1346.699951,419.850006
5/1/2020,140.264008,72.267502,2286.040039,1317.319946,415.269989
5/4/2020,152.238007,73.290001,2315.98999,1322.900024,428.149994
5/5/2020,153.641998,74.389999,2317.800049,1349.02002,424.679993
5/6/2020,156.516006,75.157501,2351.26001,1345.430054,434.26001
5/7/2020,156.007996,75.934998,2367.610107,1369.280029,436.529999
5/8/2020,163.884003,77.532501,2379.610107,1384.339966,435.549988
5/11/2020,162.257996,78.752502,2409,1403.589966,440.519989
5/12/2020,161.882004,77.852501,2356.949951,1375.180054,431.820007
5/13/2020,158.192001,76.912498,2367.919922,1348.329956,438.269989
5/14/2020,160.666,77.385002,2388.850098,1356.859985,441.950012
5/15/2020,159.834,76.927498,2409.780029,1373.060059,454.190002
5/18/2020,162.725998,78.739998,2426.26001,1385.180054,452.579987
5/19/2020,161.602005,78.285004,2449.330078,1374.400024,451.040009
5/20/2020,163.112,79.807503,2497.939941,1409.160034,447.670013
5/21/2020,165.520004,79.212502,2446.73999,1406.75,436.25
5/22/2020,163.376007,79.722504,2436.879883,1413.23999,429.320007
5/26/2020,163.774002,79.182503,2421.860107,1421.369995,414.769989
5/27/2020,164.046005,79.527496,2410.389893,1420.280029,419.890015
5/28/2020,161.162003,79.5625,2401.100098,1418.23999,413.440002
5/29/2020,167,79.485001,2442.370117,1433.52002,419.730011
6/1/2020,179.619995,80.462502,2471.040039,1434.869995,425.920013
6/2/2020,176.311996,80.834999,2472.409912,1442.310059,427.309998
6/3/2020,176.591995,81.279999,2478.399902,1439.25,421.970001
6/4/2020,172.876007,80.580002,2460.600098,1414.300049,414.329987
6/5/2020,177.132004,82.875,2483,1440.02002,419.600006
6/8/2020,189.983994,83.364998,2524.060059,1448.040039,419.48999
6/9/2020,188.134003,85.997498,2600.860107,1452.079956,434.049988
6/10/2020,205.009995,88.209999,2647.449951,1464.699951,434.480011
6/11/2020,194.567993,83.974998,2557.959961,1401.900024,425.559998
6/12/2020,187.056,84.699997,2545.02002,1412.920044,418.070007
6/15/2020,198.179993,85.747498,2572.679932,1420.73999,425.5
6/16/2020,196.425995,88.019997,2615.27002,1446.469971,436.130005
6/17/2020,198.358002,87.897499,2640.97998,1452.540039,447.769989
6/18/2020,200.792007,87.932503,2653.97998,1434.119995,449.869995
6/19/2020,200.179993,87.43,2675.01001,1424.640015,453.720001
6/22/2020,198.863998,89.717499,2713.820068,1450.660034,468.040009
6/23/2020,200.356003,91.6325,2764.409912,1463.97998,466.26001
6/24/2020,192.169998,90.014999,2734.399902,1432.699951,457.850006
6/25/2020,197.195999,91.209999,2754.580078,1441.099976,465.910004
6/26/2020,191.947998,88.407501,2692.870117,1362.540039,443.399994
6/29/2020,201.869995,90.445,2680.379883,1397.170044,447.23999
6/30/2020,215.962006,91.199997,2758.820068,1418.050049,455.040009
7/1/2020,223.925995,91.027496,2878.699951,1442,485.640015
7/2/2020,241.731995,91.027496,2890.300049,1469.930054,476.890015
7/6/2020,274.31601,93.462502,3057.040039,1499.650024,493.809998
7/7/2020,277.971985,93.172501,3000.120117,1489.920044,493.160004
7/8/2020,273.175995,95.342499,3081.110107,1503.599976,502.779999
7/9/2020,278.855988,95.752502,3182.629883,1518.660034,507.76001
7/10/2020,308.929993,95.919998,3200,1539.01001,548.72998
7/13/2020,299.411987,95.477501,3104,1512.22998,525.5
7/14/2020,303.359985,97.057503,3084,1520.859985,524.880005
7/15/2020,309.201996,97.724998,3008.870117,1516.880005,523.26001
7/16/2020,300.127991,96.522499,2999.899902,1514.920044,527.390015
7/17/2020,300.167999,96.327499,2961.969971,1516.849976,492.98999
7/20/2020,328.600006,98.357498,3196.840088,1563.839966,502.410004
7/21/2020,313.671997,97,3138.290039,1555.920044,490.100006
7/22/2020,318.466003,97.272499,3099.909912,1564.849976,489.820007
7/23/2020,302.614014,92.845001,2986.550049,1516.75,477.579987
7/24/2020,283.399994,92.614998,3008.909912,1508.209961,480.450012
7/27/2020,307.920013,94.809998,3055.209961,1529.430054,495.649994
7/28/2020,295.298004,93.252502,3000.330078,1503.650024,488.51001
7/29/2020,299.821991,95.040001,3033.530029,1523.51001,484.480011
7/30/2020,297.497986,96.190002,3051.879883,1538.369995,485.799988
7/31/2020,286.152008,106.260002,3164.679932,1487.949951,488.880005
8/3/2020,297,108.9375,3111.889893,1482.76001,498.619995
8/4/2020,297.399994,109.665001,3138.830078,1473.300049,509.640015
8/5/2020,297.003998,110.0625,3205.030029,1479.089966,502.109985
8/6/2020,297.915985,113.902496,3225,1504.949951,509.079987
8/7/2020,290.541992,111.112503,3167.459961,1498.369995,494.730011
8/10/2020,283.713989,112.727501,3148.159912,1496.819946,483.380005
8/11/2020,274.877991,109.375,3080.669922,1480.540039,466.929993
8/12/2020,310.951996,113.010002,3162.23999,1507.23999,475.470001
8/13/2020,324.200012,115.010002,3161.02002,1516.650024,481.329987
8/14/2020,330.141998,114.907501,3148.02002,1504.630005,482.679993
8/17/2020,367.127991,114.607498,3182.409912,1516.23999,482.350006
8/18/2020,377.417999,115.5625,3312.48999,1555.780029,491.869995
8/19/2020,375.705994,115.707497,3260.47998,1544.609985,484.529999
8/20/2020,400.365997,118.275002,3297.370117,1576.25,497.899994
8/21/2020,409.996002,124.370003,3284.719971,1575.569946,492.309998
8/24/2020,402.839996,125.857498,3307.459961,1585.150024,488.809998
8/25/2020,404.667999,124.824997,3346.48999,1605.849976,490.579987
8/26/2020,430.634003,126.522499,3441.850098,1644.130005,547.530029
8/27/2020,447.75,125.010002,3400,1628.52002,526.27002
8/28/2020,442.679993,124.807503,3401.800049,1639.430054,523.890015
8/31/2020,498.320007,129.039993,3450.959961,1629.530029,529.559998
9/1/2020,475.049988,134.179993,3499.120117,1655.079956,556.549988
9/2/2020,447.369995,131.399994,3531.449951,1717.390015,552.840027
9/3/2020,407,120.879997,3368,1629.51001,525.75
9/4/2020,418.320007,120.959999,3294.620117,1581.209961,516.049988
9/8/2020,330.209991,112.82,3149.840088,1523.599976,507.019989
9/9/2020,366.279999,117.32,3268.610107,1547.22998,500.190002
9/10/2020,371.339996,113.489998,3175.110107,1526.050049,480.670013
9/11/2020,372.720001,112,3116.219971,1515.76001,482.029999
9/14/2020,419.619995,115.360001,3102.969971,1508.829956,476.26001
9/15/2020,449.76001,115.540001,3156.129883,1535.119995,495.98999
9/16/2020,441.76001,112.129997,3078.100098,1512.089966,483.859985
9/17/2020,423.429993,110.339996,3008.72998,1487.040039,470.200012
9/18/2020,442.149994,106.839996,2954.909912,1451.089966,469.959991
9/21/2020,449.390015,110.080002,2960.469971,1430.140015,487.350006
9/22/2020,424.230011,111.809998,3128.98999,1459.819946,491.170013
9/23/2020,380.359985,107.120003,2999.860107,1409.390015,470.609985
9/24/2020,387.790009,108.220001,3019.790039,1422.859985,473.079987
9/25/2020,407.339996,112.279999,3095.129883,1439.060059,482.880005
9/28/2020,421.200012,114.959999,3174.050049,1458.660034,490.649994
9/29/2020,419.070007,114.089996,3144.879883,1466.02002,493.480011
9/30/2020,429.01001,115.809998,3148.72998,1465.599976,500.029999
10/1/2020,448.160004,116.790001,3221.26001,1487.900024,527.51001
10/2/2020,415.089996,113.019997,3125,1455.599976,503.059998
10/5/2020,425.679993,116.5,3199.199951,1482.829956,520.650024
10/6/2020,413.980011,113.160004,3099.959961,1451.02002,505.869995
10/7/2020,425.299988,115.080002,3195.689941,1459.140015,534.659973
10/8/2020,425.920013,114.970001,3190.550049,1483.430054,531.789978
10/9/2020,434,116.970001,3286.649902,1510.449951,539.440002
10/12/2020,442.299988,124.400002,3442.929932,1564.589966,539.809998
10/13/2020,446.649994,121.099998,3443.629883,1567.069946,554.090027
10/14/2020,461.299988,121.190002,3363.709961,1563.439941,541.450012
10/15/2020,448.880005,120.709999,3338.649902,1555.469971,541.940002
10/16/2020,439.670013,119.019997,3272.709961,1567.699951,530.789978
10/19/2020,430.829987,115.980003,3207.209961,1529.949951,530.719971
10/20/2020,421.940002,117.510002,3217.01001,1551.079956,525.419983
10/21/2020,422.640015,116.870003,3184.939941,1585.98999,489.049988
10/22/2020,425.790009,115.75,3176.399902,1606.660034,485.230011
10/23/2020,420.630005,115.040001,3204.399902,1632.97998,488.279999
10/26/2020,420.279999,115.050003,3207.040039,1584.290039,488.23999
10/27/2020,424.679993,116.599998,3286.330078,1598.880005,488.929993
10/28/2020,406.019989,111.199997,3162.780029,1510.800049,486.23999
10/29/2020,410.829987,115.32,3211.01001,1556.880005,504.209991
10/30/2020,388.040009,108.860001,3036.149902,1616.109985,475.73999
11/2/2020,400.51001,108.769997,3004.47998,1624.319946,484.119995
11/3/2020,423.899994,110.440002,3048.409912,1645.660034,487.220001
11/4/2020,420.980011,114.949997,3241.159912,1745.849976,496.950012
11/5/2020,438.089996,119.029999,3322,1762.5,513.76001
11/6/2020,429.950012,118.690002,3311.370117,1759.72998,514.72998
11/9/2020,421.26001,116.32,3143.73999,1761.420044,470.5
11/10/2020,410.359985,115.970001,3035.02002,1737.719971,480.23999
11/11/2020,417.130005,119.489998,3137.389893,1747.22998,490.76001
11/12/2020,411.76001,119.209999,3110.280029,1742.819946,486.769989
11/13/2020,408.5,119.260002,3128.810059,1772.26001,482.839996
11/16/2020,408.089996,120.300003,3131.060059,1774.030029,479.100006
11/17/2020,441.609985,119.389999,3135.659912,1761.660034,480.630005
11/18/2020,486.640015,118.029999,3105.459961,1740.640015,481.790009
11/19/2020,499.269989,118.639999,3117.02002,1758.569946,484.670013
11/20/2020,489.609985,117.339996,3099.399902,1736.380005,488.23999
11/23/2020,521.849976,113.849998,3098.389893,1727.560059,476.619995
11/24/2020,555.380005,115.169998,3118.060059,1763.900024,482.880005
11/25/2020,574,116.029999,3185.070068,1764.130005,485
11/27/2020,585.76001,116.589996,3195.340088,1787.02002,491.359985
11/30/2020,567.599976,119.050003,3168.040039,1754.400024,490.700012
12/1/2020,584.76001,122.720001,3220.080078,1795.359985,504.579987
12/2/2020,568.820007,123.080002,3203.530029,1824.969971,503.380005
12/3/2020,593.380005,122.940002,3186.72998,1821.839966,497.519989
12/4/2020,599.039978,122.25,3162.580078,1823.76001,498.309998
12/7/2020,641.76001,123.75,3158,1817.030029,515.780029
12/8/2020,649.880005,124.379997,3177.290039,1811.329956,512.659973
12/9/2020,604.47998,121.779999,3104.199951,1777.859985,493.600006
12/10/2020,627.070007,123.239998,3101.48999,1767.650024,501.089996
12/11/2020,609.98999,122.410004,3116.419922,1774.800049,503.220001
12/14/2020,639.830017,121.779999,3156.969971,1752.26001,522.419983
12/15/2020,633.25,127.879997,3165.120117,1761.079956,519.780029
12/16/2020,622.77002,127.809998,3240.959961,1757.189941,524.830017
12/17/2020,655.900024,128.699997,3236.080078,1740.51001,532.900024
12/18/2020,695,126.660004,3201.649902,1726.219971,534.450012
12/21/2020,649.859985,128.229996,3206.179932,1734.560059,528.909973
12/22/2020,640.340027,131.880005,3206.52002,1720.219971,527.330017
12/23/2020,645.97998,130.960007,3185.27002,1728.22998,514.47998
12/24/2020,661.77002,131.970001,3172.689941,1734.160034,513.969971
12/28/2020,663.690002,136.690002,3283.959961,1773.959961,519.119995
12/29/2020,665.98999,134.869995,3322,1757.76001,530.869995
12/30/2020,694.780029,133.720001,3285.850098,1736.25,524.590027
12/31/2020,705.669983,132.690002,3256.929932,1752.640015,540.72998
1/4/2021,729.77002,129.410004,3186.629883,1726.130005,522.859985
1/5/2021,735.109985,131.009995,3218.51001,1740.050049,520.799988
1/6/2021,755.97998,126.599998,3138.379883,1722.880005,500.48999
1/7/2021,816.039978,130.919998,3162.159912,1774.339966,508.890015
1/8/2021,880.02002,132.050003,3182.699951,1797.829956,510.399994
1/11/2021,811.190002,128.979996,3114.209961,1756.290039,499.100006
1/12/2021,849.440002,128.800003,3120.830078,1737.430054,494.25
1/13/2021,854.409973,130.889999,3165.889893,1747.25,507.790009
1/14/2021,845,128.910004,3127.469971,1730.920044,500.859985
1/15/2021,826.159973,127.139999,3104.25,1727.619995,497.980011
1/19/2021,844.549988,127.830002,3120.76001,1784.469971,501.769989
1/20/2021,850.450012,132.029999,3263.379883,1880.069946,586.340027
1/21/2021,844.98999,136.869995,3306.98999,1884.150024,579.840027
1/22/2021,846.640015,139.070007,3292.22998,1892.560059,565.169983
1/25/2021,880.799988,142.919998,3294,1894.280029,556.780029
1/26/2021,883.090027,143.160004,3326.129883,1907.949951,561.929993
1/27/2021,864.159973,142.059998,3232.580078,1818.939941,523.280029
1/28/2021,835.429993,137.089996,3237.620117,1853.199951,538.599976
1/29/2021,793.530029,131.960007,3206.199951,1827.359985,532.390015
2/1/2021,839.809998,134.139999,3342.879883,1893.069946,539.039978
2/2/2021,872.789978,134.990005,3380,1919.119995,548.159973
2/3/2021,854.690002,133.940002,3312.530029,2058.879883,539.450012
2/4/2021,849.98999,137.389999,3331,2053.629883,552.159973
2/5/2021,852.22998,136.759995,3352.149902,2088.830078,550.789978
2/8/2021,863.419983,136.910004,3322.939941,2084.52002,547.919983
2/9/2021,849.460022,136.009995,3305,2075.389893,559.070007
2/10/2021,804.820007,135.389999,3286.580078,2086.47998,563.590027
2/11/2021,811.659973,135.130005,3262.129883,2088.75,557.590027
2/12/2021,816.119995,135.369995,3277.709961,2095.030029,556.52002
2/16/2021,796.219971,133.190002,3268.949951,2110.699951,557.280029
2/17/2021,798.150024,130.839996,3308.639893,2118.620117,551.340027
2/18/2021,787.380005,129.710007,3328.22998,2105.810059,548.219971
2/19/2021,781.299988,129.869995,3249.899902,2088.810059,540.219971
2/22/2021,714.5,126,3180.73999,2054.26001,533.780029
2/23/2021,698.840027,125.860001,3194.5,2060.120117,546.150024
